[
    {
        "name":"vm1",
        "ip":"fa18-cs425-g45-01.cs.illinois.edu",
        "logfile":"/home/mp1/vm1.log"
    },
	{
        "name":"vm2",
        "ip":"fa18-cs425-g45-02.cs.illinois.edu",
        "logfile":"/home/mp1/vm2.log"
    },
	{
        "name":"vm3",
        "ip":"fa18-cs425-g45-03.cs.illinois.edu",
        "logfile":"/home/mp1/vm3.log"
    },
	{
        "name":"vm4",
        "ip":"fa18-cs425-g45-04.cs.illinois.edu",
        "logfile":"/home/mp1/vm4.log"
    },
	{
        "name":"vm5",
        "ip":"fa18-cs425-g45-05.cs.illinois.edu",
        "logfile":"/home/mp1/vm5.log"
    },
	{
        "name":"vm6",
        "ip":"fa18-cs425-g45-06.cs.illinois.edu",
        "logfile":"/home/mp1/vm6.log"
    },
	{
        "name":"vm7",
        "ip":"fa18-cs425-g45-07.cs.illinois.edu",
        "logfile":"/home/mp1/vm7.log"
    },
	{
        "name":"vm8",
        "ip":"fa18-cs425-g45-08.cs.illinois.edu",
        "logfile":"/home/mp1/vm8.log"
    },
	{
        "name":"vm9",
        "ip":"fa18-cs425-g45-09.cs.illinois.edu",
        "logfile":"/home/mp1/vm9.log"
    },
	{
        "name":"vm10",
        "ip":"fa18-cs425-g45-10.cs.illinois.edu",
        "logfile":"/home/mp1/vm10.log"
    }
]
